{
  "manifest": {
    "publishingInformation": {
      "locales": {
        "en-IN": {
          "summary": "hello world",
          "examplePhrases": [
            "Alexa open hello world",
            "hello",
            "help"
          ],
          "keywords": [
            "cakewalk"
          ],
          "name": "Cakewalk",
          "description": "hello world",
          "smallIconUri": "file://assets/images/en-IN_smallIconUri.png",
          "updatesDescription": "hello world",
          "largeIconUri": "file://assets/images/en-IN_largeIconUri.png"
        }
      },
      "automaticDistribution": {
        "sourceLocaleForLanguages": [
          {
            "sourceLocale": "en-IN",
            "language": "en"
          }
        ],
        "isActive": true
      },
      "isAvailableWorldwide": true,
      "testingInstructions": "Sample Testing Instructions.",
      "category": "EDUCATION_AND_REFERENCE",
      "distributionCountries": []
    },
    "apis": {
      "custom": {
        "endpoint": {
          "uri": "arn:aws:lambda:us-east-1:632513862690:function:6167f912-5367-4fb8-8edc-4ae566e9fa04:Release_0"
        }
      }
    },
    "manifestVersion": "1.0",
    "privacyAndCompliance": {
      "allowsPurchases": false,
      "locales": {
        "en-IN": {
          "termsOfUseUrl": "",
          "privacyPolicyUrl": ""
        }
      },
      "containsAds": false,
      "isExportCompliant": true,
      "isChildDirected": true,
      "usesPersonalInfo": false
    }
  }
}